category,cfrid,city_distance
1,1,38
3,10,20
4,11,40.200001
3,12,21.6
4,13,28.9
4,14,33
2,15,33.700001
4,16,11.9
4,17,31
3,18,85.699997
4,19,77
2,2,54.799999
1,20,28
2,21,42.299999
2,22,40
2,23,31.200001
1,24,69.300003
2,25,50
1,26,48.5
4,27,33.5
4,28,57.700001
3,29,55.299999
2,3,27.299999
2,30,12.6
3,31,37.299999
2,32,47
3,33,12.7
2,34,23.200001
3,35,8.8999996
2,36,42.5
2,37,73
1,38,16.200001
1,39,42.099998
3,4,27.9
1,40,39.700001
2,5,16.1
3,6,21.200001
3,7,13.4
4,8,41.900002
2,9,52
